,0,1,2,3,4,mean,std
10,0.9999421691639923,0.9999537056029724,0.9999425884537233,0.9999296330297348,0.9999337606128499,0.9999403713726546,8.306182687429396e-06
20,0.9999768668627559,0.999973951524023,0.9999815725978682,0.9999745948747699,0.9999815716716789,0.9999777115062191,3.297671493186154e-06
30,0.9999835217638633,0.9999867897365591,0.9999773331713349,0.9999866463974502,0.9999787989436609,0.9999826180025737,3.923334459265083e-06
40,0.9999886106854035,0.9999602419011483,0.9999838513308749,0.9999851497654104,0.999984772372617,0.9999805252110908,1.0269133493987592e-05
50,0.9999856361892792,0.999977783399678,0.9999644258052904,0.9999724047231935,0.9999786372255492,0.999975777468598,7.0658617903140655e-06
60,0.9999809570072962,0.9999766749690912,0.9999844804135466,0.9999638820541346,0.9999801202745198,0.9999772229437177,7.117418576463532e-06
70,0.9999814993680113,0.9999825563309439,0.01735870970680675,0.9999628182583769,0.9999867224874622,0.8034544612303203,0.39304787584798934
80,0.999973868945715,0.9999575961934072,0.9999689626592637,0.9999636273261328,0.9999665534807518,0.999966121721054,5.425559214986591e-06
90,0.9999777458329362,0.9999537098395342,0.9999617643634869,0.9999746743952213,0.9999779613055046,0.9999691711473367,9.746695203872134e-06
