,0,1,2,3,4,mean,std
10,0.0037308557588529045,0.0030989026454497524,0.0034556322467603415,0.0038578522169312422,0.0037173993637118993,0.003572128446341228,0.0002703516581777294
20,0.002211506536144392,0.00272743170036304,0.00196473305500408,0.0023325540656222157,0.0019857411362247035,0.0022443932986716863,0.0002783130433573299
30,0.0020641530981073738,0.001935520163457591,0.0023105900891685683,0.0016787038192515133,0.0040611784813672155,0.0024100291302704526,0.0008503890876851791
40,0.0016673625060939878,0.0030201605939093033,0.004169989795577954,0.0017943198699502403,0.0018172909625521604,0.0024938247456167293,0.0009712469885642035
50,0.0021701155827824137,0.002231823300285891,0.0035451092317879303,0.00246082625259118,0.002426547316517974,0.002566884336793078,0.0005015093386999702
60,0.003970775824227673,0.0022631719692144696,0.001818294115618046,0.003368767868548871,0.003619335816591608,0.0030080691188401334,0.0008247413032256997
70,0.0022542619437360325,0.001938845795890316,0.3595354232757124,0.0035413756903870607,0.0022609434751864796,0.07390617003618245,0.14281568875307069
80,0.0036248054673753685,0.003417921578009092,0.0025832502946126737,0.003095955532154294,0.0027703210957420606,0.0030984507935786975,0.00038787052061195633
90,0.0024352392753564742,0.004074958553537397,0.0028453298845605075,0.002612447945791254,0.0030356821329490294,0.0030007315584389327,0.0005744354700012218
