,0,1,2,3,4,mean,std
10,0.9995847499008618,0.9997221683368234,0.9997937188834789,0.9997773397407788,0.9996311185728226,0.9997018190869531,8.156811969933301e-05
20,0.9998046235385081,0.9998270538092856,0.9998360805589863,0.999847829930425,0.9998778633581492,0.9998386902390708,2.4169502402409997e-05
30,0.9997895951067388,0.9998305165681001,0.999762612960634,0.9997772679132464,0.999805638977729,0.9997931263052896,2.3450462204771436e-05
40,0.9998250375806509,0.9996547987585248,0.9998220432496752,0.9997946641341574,0.9998135739055997,0.9997820235257215,6.448742523490008e-05
50,0.9997746078496161,0.9997269276319147,0.9996685472972532,0.9992191754189398,0.9994379437455079,0.9995654403886464,0.00020814178548618918
60,0.9994436198920047,0.9992133627441725,0.9991687153908646,0.999123125577106,0.9996939335242575,0.9993285514256811,0.00021342942605859268
70,0.9972504239112864,0.9961914406430618,0.9991263071678891,0.9988306030964053,0.9991453701138892,0.9981088289865063,0.001186918241228679
80,0.996482779896126,0.9947136082859982,0.9954875456162824,0.9965538763919073,0.9977825661300678,0.9962040752640764,0.0010417847247762115
90,0.9955101680027199,0.9959338424046862,0.9956435783998429,0.9965286370934553,0.9954420009731699,0.995811645374775,0.0003961770655495671
