,0,1,2,3,4,mean,std
10,0.009534947638343,0.007782184799588042,0.0068000344120092435,0.007038144851423407,0.008768732100578585,0.007984808760388455,0.0010352183950110086
20,0.006462838126546032,0.006086796322918133,0.005870156422966155,0.005802957871401332,0.0050965588235067725,0.005863861513467685,0.00044743160590269166
30,0.007032041294962506,0.0062619846876472,0.007205504160812239,0.006809345935528529,0.0066859181815021465,0.006798958852090524,0.00032274877264145535
40,0.00620537080257351,0.008472223212823872,0.0061123967977730585,0.006683300686382569,0.006774421262357099,0.006849542552382022,0.0008514356345358546
50,0.007727655583216238,0.007545925490348007,0.008315086199893343,0.012987535446880607,0.01087001734917974,0.009489244013903586,0.0021167383026145254
60,0.010910719574663639,0.012925190208276463,0.013472937763337977,0.013506675006518197,0.008237475583921402,0.011810599627343538,0.0020228371893071797
70,0.023916471903914376,0.02851644225795343,0.013489213598730954,0.016045956387009674,0.014099729308147922,0.01921356269115127,0.005960102640004911
80,0.02697994892899615,0.03335144538372927,0.031129047988477522,0.027930687520759674,0.021519359759242115,0.028182097916240944,0.00403254552587075
90,0.031333965902588544,0.02900349070298241,0.03012517950714919,0.02687838544039301,0.03072530881776632,0.029613266074175894,0.001569133545004042
