,0,1,2,3,4,mean,std
10,0.004699973,0.004243458,0.004294364,0.004878937,0.004841403,0.004591627,0.000270651
20,0.002612951,0.003187087,0.002543731,0.002707644,0.003210208,0.002852324,0.000287614
30,0.003149208,0.003473174,0.002219672,0.003041682,0.002578902,0.002892527,0.0004419
40,0.00227321,0.002334266,0.002572506,0.002384545,0.002371721,0.00238725,0.00010038
50,0.003881347,0.001969318,0.00197826,0.002161016,0.00288925,0.002575838,0.000734796
60,0.003525921,0.002035684,0.001768023,0.002825562,0.002893214,0.002609681,0.000633143
70,0.005457702,0.002447812,0.002022818,0.003830462,0.002513974,0.003254554,0.001257139
80,0.002722877,0.002855399,0.00295432,0.00290486,0.002796469,0.002846785,9.07E-05
90,0.003380126,0.002846842,0.004900958,0.005913276,0.003548055,0.004117851,0.001124382