,0,1,2,3,4,mean,std
10,0.999895503,0.999915328,0.999924473,0.999910521,0.999904112,0.999909987,9.83E-06
20,0.999968457,0.999962586,0.999970923,0.999964743,0.999959115,0.999965165,4.18E-06
30,0.999977152,0.99997788,0.999976783,0.999957265,0.999972186,0.999972253,7.76E-06
40,0.999980569,0.999979133,0.999968719,0.999975366,0.999973258,0.999975409,4.24E-06
50,0.999974125,0.999982251,0.999982956,0.999979635,0.999971822,0.999978158,4.44E-06
60,0.999961152,0.999982131,0.999986577,0.999970142,0.999962915,0.999972583,1.02E-05
70,0.999971289,0.999982785,0.999981852,0.999976695,0.999970414,0.999976607,5.14E-06
80,0.999978932,0.999968312,0.999967057,0.999967685,0.999968045,0.999970006,5.01E-06
90,0.999965646,0.999961656,0.999966784,0.999970337,0.999949031,0.999962691,7.37E-06