,0,1,2,3,4,mean,std
10,0.9994167210769137,0.9995499882596393,0.9995064463937944,0.9993156847862602,0.9992385434431176,0.9994054767919451,0.00011587424733120246
20,0.9997591174744377,0.9997629662164784,0.9997082345302405,0.9997420190226914,0.9997302225476629,0.9997405119583022,2.0001672517913453e-05
30,0.9997417525012312,0.9997706146691903,0.9998052553782462,0.9997611160837989,0.9997757077945504,0.9997708892854034,2.0730602708267527e-05
40,0.9997654728594039,0.999728640737396,0.9997831101241338,0.9997777903507672,0.9997334355114692,0.999757689916634,2.255180517889847e-05
50,0.9998212269245104,0.9995603914777521,0.9991648305501615,0.9986972975692193,0.9992774034129654,0.9993042299869217,0.00037984822509993816
60,0.9997318169740199,0.9989627792772159,0.9990049743327918,0.9995950849172659,0.9994562238465569,0.9993501758695702,0.000311806596605553
70,0.9984763655352459,0.998128731271903,0.9978645952471565,0.9956526899225385,0.9980929616456732,0.9976430687245035,0.0010142324290623827
80,0.9958592979293419,0.9975996601861511,0.9972661821315107,0.9953974259403862,0.9961656149033788,0.9964576362181538,0.0008396780605341393
90,0.9966453489393496,0.9945528844095337,0.994621894501226,0.9958890047722299,0.9963235594851139,0.9956065384214906,0.0008663422145573804
