,0,1,2,3,4,mean,std
10,0.011030934977406627,0.009796372473615082,0.010138118339552882,0.012066523791635834,0.012943207874096915,0.011195031491261467,0.001176083297974499
20,0.0070784149435662224,0.00702270208095459,0.007834773352296053,0.007424480980134388,0.007708467031563367,0.007413767677702923,0.00032545415016787177
30,0.007423192442567644,0.007103493624972792,0.006680536764665775,0.007049434268084673,0.006838437041363131,0.007019018828330803,0.0002524271339994064
40,0.0070036990622251325,0.007498527942160827,0.006925798242937272,0.006855355670922601,0.007538198659167038,0.0071643159154825735,0.00029313166706676947
50,0.0064063247278050035,0.009552532175860606,0.013200730924127189,0.016696544456580625,0.012530010097800214,0.011677228476434726,0.003479614628300205
60,0.007661978662887872,0.015263281292086935,0.014544336301138546,0.009169357972358658,0.010800166374443126,0.011487824120583029,0.002969228704098077
70,0.01831570814899304,0.019725785307522628,0.021619601155824678,0.030633682794134483,0.020453800205838164,0.022149715522462594,0.004375154874890598
80,0.030294236298544903,0.02239877103071079,0.023775769668092785,0.031168151059193457,0.028179753202215274,0.027163336251751442,0.0034943059186733857
90,0.026405820209538692,0.034919908797662075,0.033696403100035396,0.029608934986023065,0.027892552564661156,0.030504723931584078,0.0032896067279761295
