,0,1,2,3,4,mean,std
64,0.003071533881175484,0.005159741852058501,0.007592860432225496,0.005209192800417491,0.002601862737487897,0.004727038340672974,0.0017826782027071792
68,0.004629713279207151,0.005583911785846406,0.0034270340507498226,0.0040527473100419155,0.00226831412348497,0.003992344109866053,0.0011166763657141402
72,0.004557867499165469,0.00492061634180173,0.008503275932651827,0.00443416139275061,0.006114243560406649,0.0057060329453552565,0.0015194752130592447
76,0.004893093227023161,0.006509364809586681,0.002537683167526711,0.003405417109605414,0.0032036845011304575,0.004109848562974485,0.001425497206706024
