,0,1,2,3,4,mean,std
36,0.002024063943425771,0.0025014930934156273,0.003973323263786988,0.002159572875933834,0.0021802882535059366,0.002567748286013632,0.0007200494254214273
40,0.0030566942334471275,0.002179446015404305,0.002404946793992541,0.0017791585559570843,0.003439935384156781,0.002572036196591568,0.0005998071830694752
44,0.003083512833594875,0.00423097036396297,0.003988972395734023,0.0024795173198362084,0.003078386550156626,0.00337227189265694,0.0006456692173455542
48,0.003705191068045943,0.0054091682073228245,0.0018964729249945284,0.003048899737807217,0.0024765967546334275,0.0033072657385607883,0.0012102428574503816
52,0.004135849757543073,0.003343948458063625,0.003379615437245062,0.002081899033628641,0.0023585470737231074,0.0030599719520407022,0.0007468535545383866
56,0.0027499050424084582,0.0034257516777444264,0.003396465709933056,0.006228646891536158,0.003146562573923626,0.003789466379109145,0.0012434108377885665
60,0.0032756926483408014,0.0024786028099075693,0.0039026111116277633,0.003409624313279954,0.0040857911700998215,0.003430464410651182,0.0005626375003374411
