,0,1,2,3,4,mean,std
64,0.9999447880585222,0.9998597186538531,0.9996573783288228,0.999836676423695,0.9999611785345766,0.999851947999894,0.00010835270849998167
68,0.9998736028504654,0.9998329125681396,0.9999383490431584,0.9999294544939874,0.999969075300848,0.9999086788513198,4.884779264303638e-05
72,0.9998770026413968,0.9998606628931384,0.9996081920312102,0.999889961816981,0.999781914830252,0.9998035468425958,0.00010464892899079495
76,0.999857458664285,0.9997530412037094,0.9999634240139307,0.9999447067460704,0.9999444702296616,0.9998926201715314,7.890911699403736e-05
