,0,1,2,3,4,mean,std
36,0.9999761207941827,0.9999634751486617,0.9999098826160151,0.9999741102285631,0.9999715405341012,0.9999590258643047,2.494492580254696e-05
40,0.999956839421536,0.9999721058512137,0.9999670160271776,0.9999809798770855,0.9999341191870287,0.9999622120728082,1.6070288853799407e-05
44,0.9999432724055215,0.9998920117866746,0.9999076622427432,0.9999645129437904,0.9999452822090726,0.9999305483175605,2.6613614717765928e-05
48,0.9999191506861246,0.9998329405295009,0.9999796982725685,0.9999456463183602,0.9999643165532937,0.9999283504719696,5.1801534950226803e-05
52,0.9999003323007924,0.9999338079087419,0.999938246550728,0.9999770599029933,0.9999667770157126,0.9999432447357937,2.7028675022699632e-05
56,0.9999551728605275,0.9999296196192823,0.9999324449188994,0.999772519230584,0.9999497706643592,0.9999079054587305,6.83959404651576e-05
60,0.9999369938237114,0.9999647035451813,0.9999108265306876,0.999930901964518,0.9999013017237192,0.9999289455175635,2.2089438558582118e-05
