,0,1,2,3,4,mean,std
64,0.9999329542235749,0.9999284938856968,0.999890886830306,0.9999566921677975,0.9999465926669838,0.9999311239548717,2.246022220428735e-05
68,0.9999343971885585,0.9999107267444267,0.9998548536781163,0.9999620831177521,0.9999187348930354,0.9999161591243778,3.5316124447435496e-05
72,0.9998878991682186,0.999920327111815,0.9999300820206534,0.9999044233696087,0.9995812261752106,0.9998447915691013,0.00013256018476841253
76,0.9999368800157433,0.9999344765620488,0.9999373133607609,0.9998487780827736,0.9998433754540049,0.9999001646950664,4.420620810332951e-05
