,0,1,2,3,4,mean,std
64,0.003334529242046026,0.0038238941025413526,0.0043059130803439465,0.0027820881337844543,0.0030463718020751662,0.003458559272158189,0.0005466942791823825
68,0.003307186513903522,0.003882492202119658,0.005347442252622314,0.002507270434738224,0.0037469814312446697,0.003758274566925677,0.0009283860467928737
72,0.004458375586945679,0.003651957572597714,0.003491094886973517,0.00447082958695375,0.009859964398787287,0.0051864444064515895,0.0023711953833899274
76,0.0033197032335816083,0.0035155592540027083,0.003248886851670246,0.005409430796700513,0.005193913814789716,0.004137498790148958,0.0009569799652810926
