,0,1,2,3,4,mean,std
36,0.9999465758235232,0.9999265636460266,0.9999579452469777,0.9995602992640142,0.9999605069329555,0.9998703781826995,0.0001555011285736531
40,0.9999066677802209,0.9999465220481645,0.9999652416833587,0.9999549142528043,0.9999688815555636,0.9999484454640225,2.2318899803355535e-05
44,0.9999453620978902,0.9999673729404917,0.9999665317834256,0.9999577833468665,0.9999526399150764,0.99995793801675,8.35605350594192e-06
48,0.9999675057076373,0.99995132368477,0.999925570599829,0.9999406467288372,0.9999390162404118,0.9999448125922971,1.3989840576071923e-05
52,0.9999146387768911,0.9999618235695156,0.9999029333468348,0.9999406597776694,0.9999551420192501,0.9999350394980322,2.2803858250434028e-05
56,0.9999505413303382,0.9999518918240364,0.9999384199915313,0.9999405990387217,0.9998958619649562,0.9999354628299167,2.0496960623828393e-05
60,0.9999288743783249,0.999945586295161,0.9999196418136702,0.9999412675636413,0.999938909374223,0.9999348558850041,9.380069174960124e-06
