,0,1,2,3,4,mean,std
36,0.0033504843599865496,0.0036133522112576054,0.0027145594739437775,0.008833367730197475,0.0025925396551963855,0.004220860686116359,0.002337614829236811
40,0.004017048162081147,0.003175865283895468,0.0027333969067984028,0.002749316102855365,0.002351801279943953,0.0030054855471148673,0.0005690775539785598
44,0.00303143025947942,0.002423859589677119,0.002388717135588352,0.002741006528726091,0.0028539878890636796,0.002687800280506932,0.0002480508836453155
48,0.0023217322897377377,0.0029241655007476303,0.003723895922482676,0.0033742291917316703,0.0032921237147217727,0.0031272293238842975,0.000476292034998492
52,0.0038454791624890085,0.0025510903742215515,0.004125756781249564,0.003324882324374444,0.0027696096337822135,0.0033233636552233562,0.000603239782306986
56,0.003045880152609599,0.0028564773702483507,0.0033234417902289607,0.0032031773469886654,0.004718436431104025,0.0034294826182359197,0.0006632264365300603
60,0.003485500936230249,0.003017817997802535,0.004358050856892417,0.0031427297576338735,0.003189984979320998,0.003438816905576015,0.00048456072127601253
