,0,1,2,3,4,mean,std
10,0.9987583308287618,0.9991603036853659,0.9992673058883964,0.9995293574054465,0.999204343807509,0.9991839283230959,0.00024834702012474004
20,0.9998283008344969,0.999804900809665,0.9997905326932099,0.9998151058077183,0.9998766561159789,0.9998230992522139,2.9499333368925652e-05
30,0.9999034165862004,0.9998874351897035,0.9999110765960103,0.9998712461351076,0.9998691225532697,0.9998884594120583,1.6772084610224746e-05
40,0.9999301847697294,0.9998966656239151,0.9999075682120657,0.9998902712717916,0.999920925185011,0.9999091230125025,1.4804600339415582e-05
50,0.9999206274121392,0.9999223693384389,0.9998964607408634,0.9999094452102225,0.9999166624815152,0.9999131130366358,9.43923117969889e-06
60,0.9999102308350002,0.9999264504290395,0.9999291757069482,0.9999140781260787,0.999936084173712,0.9999232038541557,9.629995275901449e-06
70,0.9999155016797299,0.9999212940032891,0.9999314095774915,0.9999049914484622,0.9998994180787524,0.999914522957545,1.1410257837015824e-05
80,0.9999177183048056,0.9998956767867694,0.9999098866144721,0.9999402066576846,0.9999280858954529,0.9999183148518369,1.5222335563617638e-05
90,0.9999215189215109,0.999916328275032,0.999940767205207,0.9998927126452044,0.9999043878551289,0.9999151429804167,1.6232381845903875e-05
