,0,1,2,3,4,mean,std
10,0.016049321207011358,0.014544209016472206,0.012433256919294124,0.009904088135040328,0.012831508277578786,0.013152476711079362,0.002073690093944893
20,0.005978243323964407,0.006366693288161735,0.007074059484077283,0.006212746365243248,0.0051596451708202495,0.0061582775264533846,0.000618827839357648
30,0.004502203264162433,0.004911600699535658,0.004329713732178652,0.006343233112531469,0.005236151057173559,0.005064580373116355,0.0007133146712088464
40,0.0044606029013986625,0.0050291315535652276,0.004441155285764157,0.005059795404514442,0.004104943272503651,0.004619125683549228,0.0003697245199335068
50,0.004530791437884815,0.0049262531047696385,0.004718747263374342,0.004367718712313213,0.004181062903105069,0.004544914684289416,0.0002606233887164719
60,0.004930794981046825,0.004031048565174483,0.00409812545832896,0.00425919222870544,0.0038342635699952906,0.004230684960650199,0.0003756443360453342
70,0.004846380270974425,0.004638721410926636,0.003951321769630981,0.005219167616890611,0.0047274342895075785,0.004676605071586046,0.00041309862820615743
80,0.00465381884795502,0.005813440332082407,0.004766420956629507,0.0041285093818455845,0.003865424935737309,0.004645522890849966,0.0006715016162024375
90,0.004053016673680472,0.004184303607117014,0.003696728619468341,0.004923710571109739,0.006469049591979485,0.004665361812671009,0.0009863739164803315
