,0,1,2,3,4,mean,std
10,0.9941107490083704,0.9925820352259106,0.994684708319701,0.9941154235041119,0.9941512295004926,0.9939288291117172,0.0007074717516490934
20,0.9976340299755657,0.9976586564669468,0.9974608155851101,0.9979467062557944,0.997954618666074,0.9977309653898982,0.0001919223181805911
30,0.998698490014206,0.9981731293400974,0.9985743171185878,0.9980915175368213,0.9982329794088753,0.9983540866837176,0.00023810509764648875
40,0.9985515541131421,0.9984372090346701,0.9985730059192579,0.9979451877114703,0.9977884353733835,0.9982590784303849,0.00032736990575854536
50,0.9979682862083045,0.9979898564375247,0.9976978187614398,0.9977048311872997,0.9987406802905487,0.9980202945770233,0.0003810760367424427
60,0.9970866448334282,0.9966534330841781,0.9977180717322637,0.9962821737393542,0.9968345822047878,0.9969149811188025,0.00047952883200561946
70,0.9963837441760149,0.9955832565511622,0.9979287211092507,0.9977576138080733,0.9975309524499131,0.9970368576188828,0.0009053786948113545
80,0.9956736052019389,0.994622979919436,0.996295209252322,0.9976171278351263,0.9971480747833953,0.9962713993984437,0.0010634619264613756
90,0.9945385191785916,0.9940444554371084,0.9961328910463649,0.9956325349718902,0.996590364828818,0.9953877530925548,0.0009578173686679958
