,0,1,2,3,4,mean,std
10,0.034890628860588566,0.039117949233467196,0.03329626704933512,0.03495494755513736,0.03475008125002426,0.0354019747897105,0.001955952164511905
20,0.022135875334784273,0.022531448711712546,0.023220896241013964,0.020835007708577245,0.020731112786506474,0.0218908681565189,0.000969455566226692
30,0.016692302015609284,0.019459305999015568,0.01729993666513556,0.02028174127623533,0.01947521074546807,0.01864169934029276,0.001389491739343818
40,0.01741644744973568,0.018080508501314256,0.017248618828530293,0.020718175292632222,0.02164104152948196,0.01902095832033888,0.0018080635909218288
50,0.02070601517120401,0.020681414273275276,0.022191190395995954,0.022312152000852452,0.016178002538240716,0.020413754875913685,0.0022298809013634375
60,0.02471230001157419,0.026375887260176333,0.022282147357888055,0.028211241698066363,0.026244233338039626,0.025565161933148912,0.0019811971032573676
70,0.02931145584707406,0.030449689698599895,0.020773926598349535,0.0216761781922985,0.02364382152878571,0.02517101437302154,0.003972108951291994
80,0.03133894202567418,0.03419626582283407,0.02778513077297513,0.022747570308428135,0.024866617016811948,0.02818690518934469,0.004167009758039338
90,0.03370241635455231,0.03514424452030922,0.028662482801177582,0.03361927510273837,0.026673365089329576,0.031560356773621415,0.0032848798029028567
