,0,1,2,3,4,mean,std
18,0.011118800127716506,0.011006896830386253,0.01068396100485244,0.012303889592554669,0.011444484031600328,0.011311606317422038,0.0005524931351070622
20,0.010499887416269293,0.010754132544572546,0.01050698373838691,0.010766592616493752,0.012475867277233677,0.011000692718591235,0.0007464970547360878
22,0.009981742242583766,0.010612339432205301,0.008805975817701308,0.009634024776120133,0.01001903217088759,0.00981062288789962,0.0005926159479694506
24,0.009422919563714889,0.009292969853729155,0.010011152992168695,0.008786510150025857,0.009224978172332133,0.009347706146394148,0.0003946689597637829
26,0.010299783646331051,0.010785401029239484,0.00887383904134283,0.010146995741459596,0.008612508447076195,0.00974370558108983,0.0008477346197674459
28,0.00971731769111157,0.00948060768230472,0.010229260574397268,0.009061180255480396,0.00919417703186606,0.009536508647032002,0.00041445146294924787
30,0.007922313369360588,0.008901366163120037,0.00838409663267745,0.009510937450525059,0.009267263555622454,0.008797195434261117,0.0005791912452042363
