,0,1,2,3,4,mean,std
32,0.011628638342891356,0.008647838535724227,0.008849946368163133,0.009006456793230984,0.008315061319216943,0.009289588271845329,0.0011921534446309122
36,0.009488025409839332,0.00900075659128853,0.008642183118842548,0.009091917228338317,0.00750505254748394,0.008745586979158533,0.0006761492483618871
40,0.008940913901209215,0.008925595852972997,0.008465646965198725,0.00850501311637347,0.008375524483354761,0.008642538863821835,0.00024110150411358984
44,0.008721156876069154,0.008726264689351605,0.00863037629026646,0.0089932272724664,0.008462361804730374,0.008706677386576798,0.00017217207437933185
48,0.009003675952586913,0.009516161988049996,0.009840985898804779,0.008947755326666654,0.009747030050901743,0.009411121843402018,0.00037131429941606977
52,0.010656285939365363,0.00982555088713799,0.008819011117057907,0.010322212885323177,0.009780552797069186,0.009880722725190725,0.0006223698812977119
56,0.00951955624429388,0.011800991615887229,0.009672157585300165,0.00918488322932867,0.009251842909087054,0.0098858863167794,0.0009737476439808658
