,0,1,2,3,4,mean,std
18,0.99926797437766,0.999280873639937,0.9993218902317856,0.9990926282497052,0.9992425822868699,0.9992411897571916,7.858403615062811e-05
20,0.9993426694402752,0.9993255463345765,0.9993353851236298,0.9993223264437457,0.9990782814794158,0.9992808417643285,0.00010153598948960524
22,0.9994199138742388,0.9993553666463503,0.9995420605978369,0.9994527924906575,0.999408092649289,0.9994356452516746,6.17568300848541e-05
24,0.9994703238917683,0.9995175831939489,0.9994008998297104,0.9995452324277831,0.9995122700793102,0.9994892618845043,5.026067171872884e-05
26,0.9993604145638847,0.9993005511083404,0.9995314550554375,0.999389572901452,0.9995551926438215,0.9994274372545873,9.916348802746802e-05
28,0.9994460125440259,0.9994877160591908,0.9993784255820598,0.9995086808581624,0.9995006729563622,0.9994643015999601,4.806206621351179e-05
30,0.9996298250652098,0.9995284285925676,0.99957578137565,0.9994670683735156,0.9994880287233546,0.9995378264260596,5.91255617694221e-05
