,0,1,2,3,4,mean,std
32,0.9992515280162391,0.9995610945332625,0.9995366922934958,0.9995142530049791,0.9995978895272619,0.9994922914750477,0.00012353590087454863
36,0.9994611313221871,0.9995150139829236,0.9995495555331576,0.9995071173332257,0.9996620907944744,0.9995389817931937,6.770247520927498e-05
40,0.9995264768093912,0.9995410497152671,0.9995842794074111,0.99957709330321,0.9995881775254927,0.9995634153521543,2.490075512955195e-05
44,0.9995573741308492,0.9995577757487792,0.9995553766708349,0.9995138733037929,0.9995840448994802,0.9995536889507474,2.2538412701424518e-05
48,0.9995247120922462,0.9994762040085114,0.9994722662648979,0.9995244381135107,0.9994571368470715,0.9994909514652477,2.818222184968213e-05
52,0.9993629871702892,0.9994327755819976,0.9995425071180124,0.9993680331253313,0.9994512693311292,0.9994315144653519,6.547837014024643e-05
56,0.9994893576209063,0.9991725461357778,0.9994457992725265,0.9995000251042172,0.9994870008074771,0.9994189457881809,0.00012457693659257525
