,0,1,2,3,4,mean,std
32,0.9992186441991212,0.9992933671856301,0.9992490308338455,0.9993487864224508,0.9991428949382241,0.9992505447158543,6.941700982196853e-05
36,0.9991184894502638,0.9992777963937893,0.9991528731881935,0.9991422685306299,0.9992478301644736,0.9991878515454701,6.292838381498932e-05
40,0.999260363703123,0.9993101111715277,0.9991357016599673,0.9988766145787046,0.9993759183518758,0.9991917418930397,0.0001761175396495988
44,0.9993534921958271,0.9992587921508156,0.9993059697921252,0.9992701787464674,0.999328135889945,0.9993033137550361,3.5273703717891474e-05
48,0.9990327549185497,0.9991260071352667,0.9992469542689592,0.9992197658297062,0.9992847913632045,0.9991820547031371,9.123668075377585e-05
52,0.99904573207434,0.9991717397817903,0.9992481587994666,0.9992372724303349,0.999207491835516,0.9991820789842898,7.315196569985627e-05
56,0.999081397730973,0.9993200600241444,0.9992352640244673,0.9991087608806759,0.9991177800453162,0.9991726525411153,9.063083288102835e-05
