,0,1,2,3,4,mean,std
32,0.011394865692433311,0.01088270558088103,0.011156773816984197,0.010475705801344581,0.012025017218710889,0.011187013622070802,0.0005186384398994003
36,0.01209329053506956,0.010954087356894708,0.01185815188960921,0.0129940139316547,0.011220017070092002,0.011823912156664035,0.0007161228514410701
40,0.01111850603720207,0.010964644822318572,0.012217549984284511,0.013667746682603408,0.010220333477597446,0.011637756200801201,0.001199067056012157
44,0.010448195831929028,0.011080678154351889,0.010745130357924472,0.011061732343056069,0.010549607340346795,0.01077706880552165,0.0002585065498716791
48,0.012905890139372992,0.012114838560152863,0.011171348972171298,0.01172898698457604,0.01098712030994543,0.011781636993243725,0.0006901374751292368
52,0.01271955999877844,0.011750087909842664,0.011278462386361585,0.011278422872142693,0.011519293751896382,0.011709165383804353,0.000534727472843535
56,0.012368743811193532,0.010701082146632191,0.011274271508111496,0.012190008252131764,0.012129575609296353,0.011732736265473068,0.0006396225273497181
