,0,1,2,3,4,mean,std
18,0.014250124186561672,0.015338140898975273,0.015219430668439293,0.014676188353438811,0.013123890268134984,0.014521554875110008,0.0008006117463769312
20,0.012833592155421292,0.012507345809557228,0.014136415735090403,0.013614254107667242,0.01377386245177353,0.01337309405190194,0.0006069622377524323
22,0.012132047226869275,0.012068912853321286,0.013028531202082624,0.013301242765789003,0.012228385457426463,0.012551823901097731,0.0005104716346091712
24,0.01179744588388434,0.012183482077072752,0.011192039184754832,0.011259873030743843,0.010792573807792399,0.011445082796849632,0.0004885683063855221
26,0.013333745266857133,0.011933986711277409,0.012226628529964008,0.011155183218621845,0.011432549274317581,0.012016418600207596,0.000757490930606722
28,0.012456238298629432,0.011865257479795983,0.01283463016261696,0.012142873590250921,0.012030553367766024,0.012265910579811865,0.00034372099994933297
30,0.011290997440708505,0.011662170302911046,0.013604452010065882,0.010974697235878891,0.010216105571769432,0.011549684512266751,0.0011323148575061474
