,0,1,2,3,4,mean,std
18,0.998779587477785,0.9985793906788998,0.9986182891046362,0.9987037120942459,0.9989728876705211,0.9987307734052177,0.0001395018948977001
20,0.9990170471964873,0.9990653537880774,0.9988146801150574,0.9988920373790667,0.9988624840127496,0.9989303204982877,9.507428017412396e-05
22,0.9991238254400796,0.9991395813533102,0.9989770804933104,0.9989357510293726,0.9990974343256529,0.9990547345283451,8.244153402988121e-05
24,0.9991745434348042,0.9991505858364016,0.99925685602317,0.99923653728949,0.9993066932327745,0.999225043163328,5.6400395286187194e-05
26,0.9989606308109293,0.9991643496256151,0.9991189180952084,0.9992506201094042,0.9992168519391935,0.99914227411607,0.00010131912761962846
28,0.9990717443392519,0.9991654200874837,0.9990075874220777,0.99911119620468,0.9991350059347411,0.9990981907976468,5.468575531065253e-05
30,0.9992315910108952,0.9991860510819768,0.9988977986339771,0.9992740927994559,0.9993769042542051,0.9991932875561019,0.00016067221507228216
