,0,1,2,3,4,mean,std
10,0.003252733110023691,0.0038641078054497072,0.0037657282277434112,0.005100436418860712,0.003981447851927446,0.003992890682800993,0.0006070929976319469
20,0.004186136445138834,0.003417022168165462,0.0037095708264202787,0.0035793731371496066,0.002696611260568968,0.00351774276748863,0.00048409668574882225
30,0.0025205188390224906,0.0028624069864080603,0.0028882410096585636,0.00298587897381203,0.0031534048962800357,0.002882090141036236,0.00020762605059231157
40,0.0033014022127747927,0.0045593494478040975,0.002838370704183899,0.002968482770050552,0.003975569941933665,0.003528635015349401,0.0006486899372765583
50,0.00363062806302872,0.003193125473791755,0.0033302079111987262,0.0031040356973851117,0.0030534392405906275,0.0032622872771989877,0.00020675229961859503
60,0.0031501906364516277,0.005510738804863967,0.0030620765086652266,0.0034260072223205613,0.003460109050386503,0.0037218244445375768,0.0009075516420030866
70,0.0038750206221017528,0.0028643525315738207,0.0034442555221715645,0.0064948816826067715,0.003399015351435129,0.004015505141977808,0.0012805141196377415
80,0.003434294142981415,0.002928837825191247,0.004324794197435687,0.003120214998632366,0.003873214722983003,0.0035362711774447435,0.0005074991315955807
90,0.004152928589286991,0.004793173001682347,0.0039594317183600375,0.0025574837671410266,0.0035577612028510367,0.003804155655864288,0.0007401093905106168
