,0,1,2,3,4,mean,std
10,0.9999535800649136,0.9999294202444121,0.9999320947467155,0.9999049675515175,0.9999352964646541,0.9999310718144425,1.5554263888341446e-05
20,0.9999628282876959,0.9999450086833951,0.9999483880575748,0.999955413321766,0.9999649792241504,0.9999553235149164,7.79818848712656e-06
30,0.9999693392470604,0.9999656266781292,0.9999633583392475,0.9999681747287258,0.9999525734320283,0.9999638144850383,5.989793084425228e-06
40,0.9999623282665636,0.999910493851879,0.9999620209662564,0.9999644763702369,0.9999479281364049,0.9999494495182681,2.0344868094263174e-05
50,0.9999380333922995,0.9999587825718703,0.9999480328794228,0.9999611019942121,0.9999725876507993,0.9999557076977208,1.1787875208348264e-05
60,0.9999522117971613,0.9999338217101165,0.9999633416655063,0.9999474156917764,0.9999454091506659,0.9999484400030452,9.593912057434425e-06
70,0.9999496351425563,0.9999638445595431,0.9999488051837832,0.9999448959755183,0.9999518109480169,0.9999517983618835,6.424836293607357e-06
80,0.9999542229799737,0.9999627583229698,0.9999179501761577,0.9999586172584134,0.9999511321039898,0.9999489361683007,1.598549145799675e-05
90,0.9999258871582313,0.9999610381858983,0.9999628801464642,0.9999758142885791,0.9999399724800353,0.9999531184518415,1.7818382648664495e-05
