,0,1,2,3,4,mean,std
10,0.9994107681957921,0.999296941115375,0.9994611110672578,0.9993748512420132,0.9992283277998391,0.9993543998840554,8.26784152578297e-05
20,0.9995614868224533,0.9995696278031485,0.9995758068732382,0.9995521032657627,0.9995742457372878,0.999566654100378,8.816764251370752e-06
30,0.999550317944116,0.9992894503844619,0.999255047469584,0.9995916040318487,0.999670270197201,0.9994713380054423,0.00016741592953249315
40,0.996833898117923,0.9980777846890184,0.9965529190851588,0.9989540525218648,0.9982542130095873,0.9977345734847104,0.0009036007442397474
50,0.9976211834582156,0.995698864596931,0.9958841432254392,0.9974169095261695,0.9950147277895514,0.9963271657192614,0.0010174033637764598
60,0.9952595982188531,0.9946488894064967,0.9948679741834708,0.9945537601618502,0.9944487120130923,0.9947557867967525,0.000287384305344326
70,0.9941274001090755,0.9944203487091492,0.9946014934370339,0.9945822653611399,0.9940705855696998,0.9943604186372197,0.00022326015454061154
80,0.9944241572333342,0.994589379081462,0.9945191712385818,0.9943956720301352,0.9941917990678119,0.994424035730265,0.00013500190395930866
90,0.9942834383035897,0.9947570151418691,0.9943935084673764,0.9920987619994763,0.9946316448992719,0.9940328737623167,0.0009814821346336364
