,0,1,2,3,4,mean,std
10,0.011286952516133045,0.012458125410386002,0.010631440816763187,0.012256555356722336,0.01269218766932386,0.011865052353865686,0.0007804050138938259
20,0.009568314342622414,0.009511202740786708,0.009410877081733198,0.009777262740928345,0.00956483803784419,0.009566498988782972,0.00011975246676561812
30,0.009738243579338661,0.012209889912166264,0.012668321300219805,0.009270002000496623,0.00837143069164146,0.010451577496772562,0.0016874591729762142
40,0.02562390795817167,0.020251821138150928,0.026832089200079897,0.015009286168980078,0.019356969495904625,0.021414814792257438,0.004328542612377358
50,0.022291569431427734,0.030438063856507994,0.02985009998552188,0.02329328872387212,0.032178968550080185,0.02761039810948198,0.00402022800087163
60,0.03209535345330437,0.033312876769566235,0.032606131674597146,0.03383403076507626,0.034062150995089385,0.03318210873152668,0.0007388319982391066
70,0.035707941292919196,0.0339507968585497,0.03399684973567339,0.03367122533889073,0.03541271396600323,0.03454790543840725,0.0008393266365008662
80,0.03411972007386175,0.03363029017514091,0.034115982385511355,0.03461870814372738,0.035434719281601426,0.03438388401196857,0.0006113680847606944
90,0.03542174444143447,0.032991854322317264,0.03617645219587707,0.041217831631969404,0.03348400432139149,0.035858377382597936,0.002928145203099096
